路線,路線_方向,編號,地點,起迄地名,起迄樁號,方向,對應VD,VD里程,路段編號,速限(km/hr),
台61甲,台61甲_北,Ⅰ-I30,里程牌1K+600,台北港~八里,0K+000~2K+888,北,無對應VD設備,,1006111102000F,80,
台61甲,台61甲_南,Ⅰ-I30,里程牌1K+600,台北港~八里,0K+000~2K+888,南,VD-12-0610-001-01,1000,1006111002000F,80,
台61線,台61線_北,Ⅰ-I22,八里13K+750,八里∼林口,12K+600~22K+567,北,VD-12-0610-015-01,15700,1006100101400F,90,
台61線,台61線_南,Ⅰ-I22,八里13K+750,八里∼林口,12K+600~22K+567,南,無對應VD設備,,1006100001400F,90,
台61線,台61線_北,Ⅰ-I23,竹圍27K+150,林口∼沙崙交流道,22K+567~30K+200,北,VD-13-0610-029-01,29800,1006100102700H,70,
台61線,台61線_南,Ⅰ-I23,竹圍27K+150,林口∼沙崙交流道,22K+567~30K+200,南,VD-13-0610-027-02,27540,1006100002700H,70,
台61線,台61線_北,Ⅰ-I23側車道,竹圍26K+800,林口交流道∼沙崙交流道,22K+567~30K+200,北,,,,,
台61線,台61線_南,Ⅰ-I23側車道,竹圍26K+800,林口交流道∼沙崙交流道,22K+567~30K+200,南,,,,,
台61線,台61線_北,Ⅰ-I24,內海33K+300,沙崙交流道∼大園交流道,30K+200~34K+950,北,無對應VD設備,,1006100103400H,90,
台61線,台61線_南,Ⅰ-I24,內海33K+300,沙崙交流道∼大園交流道,30K+200~34K+950,南,VD-13-0610-032-01,32200,1006100003300H,90,
台61線,台61線_北,Ⅰ-I24側車道,內海33K+400,沙崙交流道∼大園交流道,30K+200~34K+950,北,,,,,
台61線,台61線_南,Ⅰ-I24側車道,內海33K+400,沙崙交流道∼大園交流道,30K+200~34K+950,南,,,,,
台61線,台61線_北,Ⅰ-I25,大潭47K+100,大園交流道~觀音交流道,34K+950~48K+700,北,VD-13-0610-036-01,36100,1006100104700H,,
台61線,台61線_南,Ⅰ-I25,大潭47K+100,大園交流道~觀音交流道,34K+950~48K+700,南,VD-13-0610-047-01,47200,1006100004700H,90,
台61線,台61線_北,Ⅰ-I25側車道,大潭48K+000,大園交流道~觀音交流道,34K+950~48K+700,北,,,,,
台61線,台61線_南,Ⅰ-I25側車道,大潭48K+000,大園交流道~觀音交流道,34K+950~48K+700,南,,,,,
台61線,台61線_北,Ⅰ-I26,永安48K+800,觀音交流道~鳳鼻隧道北端,48K+700~66K+664,北,VD-13-0610-050-01,50700,1006100105000H,90,
台61線,台61線_南,Ⅰ-I26,永安48K+800,觀音交流道~鳳鼻隧道北端,48K+700~66K+664,南,VD-13-0610-053-01,53700,1006100005000H,90,
台61線,台61線_北,Ⅰ-I26側車道,永安53K+000,觀音交流道~鳳鼻隧道北端,48K+700~66K+664,北,,,,,
台61線,台61線_南,Ⅰ-I26側車道,永安53K+000,觀音交流道~鳳鼻隧道北端,48K+700~66K+664,南,,,,,
台61線,台61線_北,Ⅰ-I27,浸水橋77K+680,鳳鼻隧道北端∼香山,66K+664~78K+000,北,VD-16-0610-067-02,67757,1006100107800O,60,
台61線,台61線_南,Ⅰ-I27,浸水橋77K+680,鳳鼻隧道北端∼香山,66K+664~78K+000,南,VD-16-0610-067-01,67757,1006100007800O,60,
台61線,台61線_北,Ⅰ-I28,香山聯絡道83K+760,香山∼內湖,78K+000~83K+700,北,無對應VD設備,,1006100108330O,80,
台61線,台61線_南,Ⅰ-I28,香山聯絡道83K+760,香山∼內湖,78K+000~83K+700,南,VD-14-0610-081-01,81100,1006100008330O,80,
台61線,台61線_北,Ⅰ-I29,香山南港85K+220,內湖~崎頂,83K+700~87K+550,北,VD-14-0610-085-01,85050,1006100108610O,80,
台61線,台61線_南,Ⅰ-I29,香山南港85K+220,內湖~崎頂,83K+700~87K+550,南,無對應VD設備,,1006100008530O,80,
台61支線,台61支線_北,Ⅰ-I31,台61線香山聯絡道0K+250,台61線香山聯絡道~台1線交岔路口,0K+000~1K+000,北,無對應VD設備,,,80,
台61支線,台61支線_南,Ⅰ-I31,台61線香山聯絡道0K+250,台61線香山聯絡道~台1線交岔路口,0K+000~1K+000,南,無對應VD設備,,,80,
台61線,台61線_北,Ⅱ-I73,崎頂87K+670,崎頂~大山,87K+550~99K+600,北,VD-21-0610-091-01,91580,1006100108800K,80,
台61線,台61線_南,Ⅱ-I73,崎頂87K+670,崎頂~大山,87K+550~99K+600,南,VD-21-0610-091-02,91600,1006100008800K,80,
台61線,台61線_北,Ⅱ-I73側車道,崎頂87K+600,崎頂~大山,87K+550~99K+600,北,,,,,
台61線,台61線_南,Ⅱ-I73側車道,崎頂87K+600,崎頂~大山,87K+550~99K+600,南,,,,,
台61線,台61線_北,Ⅱ-I74,溪洲103K+030,大山~後龍,99K+600~105K+295,北,VD-21-0610-103-01,103100,1006100110410K,90,
台61線,台61線_南,Ⅱ-I74,溪洲103K+030,大山~後龍,99K+600~105K+295,南,VD-21-0610-103-02,103500,1006100010320K,90,
台61線,台61線_北,Ⅱ-I74側車道,溪洲102K+900,大山~後龍,99K+600~105K+295,北,,,,,
台61線,台61線_南,Ⅱ-I74側車道,溪洲102K+900,大山~後龍,99K+600~105K+295,南,,,,,
台61線,台61線_北,Ⅱ-I75,赤土崎109K+800,後龍~白沙屯,105K+295~111K+100,北,VD-21-0610-106-01,106100,1006100110900K,90,
台61線,台61線_南,Ⅱ-I75,赤土崎109K+800,後龍~白沙屯,105K+295~111K+100,南,無對應VD設備,,1006100010900K,90,
台61線,台61線_北,Ⅱ-I75側車道,赤土崎109K+500,後龍~白沙屯,105K+295~111K+100,北,,,,,
台61線,台61線_南,Ⅱ-I75側車道,赤土崎109K+500,後龍~白沙屯,105K+295~111K+100,南,,,,,
台61線,台61線_北,Ⅱ-I76,新埔112K+650,白沙屯~新埔,111K+100~115K+000,北,VD-21-0610-114-01,114200,1006100111200K,90,
台61線,台61線_南,Ⅱ-I76,新埔112K+650,白沙屯~新埔,111K+100~115K+000,南,VD-21-0610-111-01,111200,1006100011200K,90,
台61線,台61線_北,Ⅱ-I77,通宵116K+350,新埔~通霄,115K+000~121K+100,北,無對應VD設備,,1006100111600K,90,
台61線,台61線_南,Ⅱ-I77,通宵116K+350,新埔~通霄,115K+000~121K+100,南,VD-21-0610-120-01,120500,1006100011600K,90,
台61線,台61線_北,Ⅱ-I78,苑裡130K+200,通霄~苑裡,121K+100~130K+880,北,VD-21-0610-122-01,122560,1006100113000K,90,
台61線,台61線_南,Ⅱ-I78,苑裡130K+200,通霄~苑裡,121K+100~130K+880,南,VD-21-0610-126-01,126250,1006100013000K,90,
台61線,台61線_北,Ⅱ-I79,大安溪橋134K+800,苑裡~大甲,130K+880~140K+700,北,無對應VD設備,,1006100113460B,90,
台61線,台61線_南,Ⅱ-I79,大安溪橋134K+800,苑裡~大甲,130K+880~140K+700,南,無對應VD設備,,1006100013460B,90,
台61線,台61線_北,Ⅱ-I79側車道,大安溪橋135K+000,苑裡~大甲,130K+880~140K+700,北,,,,,
台61線,台61線_南,Ⅱ-I79側車道,大安溪橋135K+000,苑裡~大甲,130K+880~140K+700,南,,,,,
台61線,台61線_北,Ⅱ-I80,大甲溪橋143K+900,大甲~清水,140K+700~150K+000,北,無對應VD設備,,1006100114300B,90,
台61線,台61線_南,Ⅱ-I80,大甲溪橋143K+900,大甲~清水,140K+700~150K+000,南,VD-22-0610-147-01,147200,1006100014300B,90,
台61線,台61線_北,Ⅱ-I80側車道,大甲溪橋145K+000,大甲~清水,140K+700~150K+000,北,,,,,
台61線,台61線_南,Ⅱ-I80側車道,大甲溪橋145K+000,大甲~清水,140K+700~150K+000,南,,,,,
台61線,台61線_北,Ⅱ-I81,清水151K+650,清水~梧棲,150K+000~154K+900,北,VD-22-0610-152-01,152400,1006100115200B,90,
台61線,台61線_南,Ⅱ-I81,清水151K+650,清水~梧棲,150K+000~154K+900,南,VD-22-0610-152-02,152350,1006100015200B,90,
台61線,台61線_北,Ⅱ-I81平面道路,清水150K+600,清水~梧棲,150K+000~154K+900,北,,,,,
台61線,台61線_南,Ⅱ-I81平面道路,清水150K+600,清水~梧棲,150K+000~154K+900,南,,,,,
台61線,台61線_北,Ⅱ-I82,梧棲155K+250,梧棲~龍井,154K+900~157K+000,北,VD-22-0610-155-01,155500,1006100115500B,90,
台61線,台61線_南,Ⅱ-I82,梧棲155K+250,梧棲~龍井,154K+900~157K+000,南,無對應VD設備,,1006100015500B,90,
台61線,台61線_北,Ⅱ-I83,龍井158K+650,龍井~中彰縣界,157K+000~163K+300,北,無對應VD設備,,1006100115800B,90,
台61線,台61線_南,Ⅱ-I83,龍井158K+650,龍井~中彰縣界,157K+000~163K+300,南,無對應VD設備,,1006100015810B,90,
台61線,台61線_北,Ⅱ-I83平面道路,龍井158K+650,龍井~中彰縣界,157K+000~163K+300,北,,,,,
台61線,台61線_南,Ⅱ-I83平面道路,龍井158K+650,龍井~中彰縣界,157K+000~163K+300,南,,,,,
台61線,台61線_北,Ⅱ-I84,伸港165K+450,中彰縣界~伸港交流道,163K+300~166K+168,北,無對應VD設備,,1006100116500N,90,
台61線,台61線_南,Ⅱ-I84,伸港165K+450,中彰縣界~伸港交流道,163K+300~166K+168,南,VD-23-0610-165-01,165550,1006100016500N,90,
台61乙線,台61乙線_北,Ⅱ-I93,台17線路口1K+500,彰濱~134線交岔路口,0K+000~3K+000,北,無對應VD設備,,BN61021002K000000K000,60,
台61乙線,台61乙線_南,Ⅱ-I93,台17線路口1K+500,彰濱~134線交岔路口,0K+000~3K+000,南,無對應VD設備,,BN61020000K000002K000,60,
台61乙線,台61乙線_北,Ⅱ-I94,134線路口3K+500,134線交岔路口~139線交岔路口,3K+000~5K+200,北,無對應VD設備,,BN61021005K300002K000,60,
台61乙線,台61乙線_南,Ⅱ-I94,134線路口3K+500,134線交岔路口~139線交岔路口,3K+000~5K+200,南,VD-23-061B-004-01,4000,BN61020002K000005K300,60,
台61乙線,台61乙線_北,Ⅱ-I95,和美交流道6K+500,139線交岔路口~和美,5K+200~6K+700,北,VD-23-061B-006-01,6000,BN61021006K350005K300,60,
台61乙線,台61乙線_南,Ⅱ-I95,和美交流道6K+500,139線交岔路口~和美,5K+200~6K+700,南,無對應VD設備,,BN61020005K300006K350,60,
台61線,台61線_北,Ⅱ-I85,全興工業區168K+050,伸港交流道~線西交流道,166K+168~169K+915,北,VD-23-0610-168-01,168100,1006100116840N,90,
台61線,台61線_南,Ⅱ-I85,全興工業區168K+050,伸港交流道~線西交流道,166K+168~169K+915,南,VD-23-0610-168-02,168150,1006100016840N,90,
台61線,台61線_北,Ⅱ-I86,洋厝173K+870,線西交流道~洋厝交流道,169K+915~174K+834,北,無對應VD設備,,1006100117300N,90,
台61線,台61線_南,Ⅱ-I86,洋厝173K+870,線西交流道~洋厝交流道,169K+915~174K+834,南,無對應VD設備,,1006100017300N,90,
台61線,台61線_北,Ⅱ-I87,鹿港175K+200,洋厝交流道~鹿港交流道,174K+834~177K+835,北,無對應VD設備,,1006100117500N,90,
台61線,台61線_南,Ⅱ-I87,鹿港175K+200,洋厝交流道~鹿港交流道,174K+834~177K+835,南,VD-23-0610-177-01,177000,1006100017500N,90,
台61線,台61線_北,Ⅱ-I88,福興179K+500,鹿港交流道~福興交流道,177K+835~180K+000,北,VD-23-0610-179-01,179200,1006100118000N,90,
台61線,台61線_南,Ⅱ-I88,福興179K+500,鹿港交流道~福興交流道,177K+835~180K+000,南,無對應VD設備,,1006100017900N,90,
台61線,台61線_北,Ⅱ-I89,漢寶184K+350,福興交流道~漢寶交流道,180K+000~185K+000,北,無對應VD設備,,1006100118400N,90,
台61線,台61線_南,Ⅱ-I89,漢寶184K+350,福興交流道~漢寶交流道,180K+000~185K+000,南,無對應VD設備,,1006100018400N,90,
台61線,台61線_北,Ⅱ-I90,王功185K+850,漢寶交流道~王功交流道,185K+000~192K+300,北,無對應VD設備,,1006100118500N,90,
台61線,台61線_南,Ⅱ-I90,王功185K+850,漢寶交流道~王功交流道,185K+000~192K+300,南,VD-23-0610-191-02,191800,1006100018500N,90,
台61線,台61線_北,Ⅱ-I91,芳苑193K+150,王功交流道~芳苑交流道,192K+300~197K+100,北,無對應VD設備,,1006100119300N,90,
台61線,台61線_南,Ⅱ-I91,芳苑193K+150,王功交流道~芳苑交流道,192K+300~197K+100,南,無對應VD設備,,1006100019330N,90,
台61線,台61線_北,應補資料,應補VD資料,芳苑交流道~大城交流道,,北,無對應VD設備, ,1006100120200N,,
台61線,台61線_南,應補資料,應補VD資料,芳苑交流道~大城交流道,,南,無對應VD設備, ,1006100020200N,,
台61線,台61線_北,Ⅱ-I92,大城209K+000,大城交流道~西濱大橋南端,208K+400~215K+670,北,VD-23-0610-208-02,208700,1006100120900N,90,
台61線,台61線_南,Ⅱ-I92,大城209K+000,大城交流道~西濱大橋南端,208K+400~215K+670,南,無對應VD設備,,1006100020900N,90,
台61線,台61線_北,V-I14,快速公路216K+150,西濱大橋~麥寮,213K+975~223K+300,北,VD-51-T61-218-01,218576,1006100121600P,90,
台61線,台61線_南,V-I14,快速公路216K+150,西濱大橋~麥寮,213K+975~223K+300,南,無對應VD設備,,1006100021600P,90,
台61線,台61線_北,V-I15,快速公路226K+450,麥寮~五港,223K+300~230K+200,北,VD-51-T61-227-01,227000,1006100122600P,90,
台61線,台61線_南,V-I15,快速公路226K+450,麥寮~五港,223K+300~230K+200,南,無對應VD設備,,1006100022600P,90,
台61線,台61線_北,V-I16,快速公路233K+000,五港~飛沙,230K+200~239K+971,北,無對應VD設備,,1006100123300P,90,
台61線,台61線_南,V-I16,快速公路233K+000,五港~飛沙,230K+200~239K+971,南,VD-51-T61-234-02,234515,1006100023300P,90,
台61線,台61線_北,V-I17,青蚶245K+500,飛沙~濱海橋,238K+737~248K+200,北,VD-52-T61-246-01,246080,1006100124500P,90,
台61線,台61線_南,V-I17,青蚶245K+500,飛沙~濱海橋,238K+737~248K+200,南,VD-52-T61-241-01,241210,1006100024500P,90,
台61線,台61線_北,V-I18,成龍大橋250K+700,濱海橋~水井,250K+400~254K+500,北,VD-52-T61-249-01,249376,1006100125110P,90,
台61線,台61線_南,V-I18,成龍大橋250K+700,濱海橋~水井,250K+400~254K+500,南,無對應VD設備,,1006100025050P,90,
台61線,台61線_北,V-I19,雲嘉大橋257K+500,水井~雲嘉大橋,254K+500~257K+119,北,無對應VD設備,,1006100125700Q,90,
台61線,台61線_南,V-I19,雲嘉大橋257K+500,水井~雲嘉大橋,254K+500~257K+119,南,無對應VD設備,,1006100025700Q,90,
台61線,台61線_北,V-I20,網寮橋266K+200,雲嘉大橋~布袋,257K+119~269K+078,北,VD-52-T61-264-01,264300,1006100126700Q,90,
台61線,台61線_南,V-I20,網寮橋266K+200,雲嘉大橋~布袋,257K+119~269K+078,南,VD-52-T61-257-01,257300,1006100026600Q,90,
台61線,台61線_北,V-I21,龍宮溪橋274K+100,布袋~嘉南大橋,269K+078~279K+423,北,VD-52-T61-274-01,274081,1006100127400Q,90,
台61線,台61線_南,V-I21,龍宮溪橋274K+100,布袋~嘉南大橋,269K+078~279K+423,南,VD-52-T61-271-01,271000,1006100027400Q,90,
台61線,台61線_北,V-I22,鯤港橋283K+000,嘉南大橋~北門交流道,279K+423~283K+700,北,無對應VD設備,,1006100128300D,90,
台61線,台61線_南,V-I22,鯤港橋283K+000,嘉南大橋~北門交流道,279K+423~283K+700,南,VD-53-T61-282-01,282644,1006100028300D,90,
台61線,台61線_北,V-I23,永華橋287K+000,北門交流道~三寮灣交流道,283K+700~288K+700,北,VD-53-T61-284-01,284810,1006100128700D,90,
台61線,台61線_南,V-I23,永華橋287K+000,北門交流道~三寮灣交流道,283K+700~288K+700,南,無對應VD設備,,1006100028710D,90,
台61線,台61線_北,V-I24,將軍292K+000,三寮灣交流道~將軍交流道,288K+700~292K+400,北,無對應VD設備,,1006100129200D,90,
台61線,台61線_南,V-I24,將軍292K+000,三寮灣交流道~將軍交流道,288K+700~292K+400,南,無對應VD設備,,1006100029200D,90,
台61線,台61線_北,V-I45,西寮里(南25-1上方)296K+100,將軍交流道~七股交流道,292K+400~298K+300,北,無對應VD設備,,1006100129600D,90,
台61線,台61線_南,V-I45,西寮里(南25-1上方)296K+100,將軍交流道~七股交流道,292K+400~298K+300,南,VD-54-T61-297-01,297300,1006100029600D,90,
台61線,台61線_北,V-I46,三股里(南38上方)304K+200,七股交流道~十份交流道,298K+300~305K+000,北,VD-54-T61-299-01,299495,1006100130400D,90,
台61線,台61線_南,V-I46,三股里(南38上方)304K+200,七股交流道~十份交流道,298K+300~305K+000,南,無對應VD設備,,1006100030400D,90,
台62線,台62線_東,Ⅰ-I32,中崙瑪陵1K+800,基隆安樂端~瑪東系統交流道,0K+000~2K+035,東,VD-17-0620-000-02,250,RF62000000K000002K000,80,
台62線,台62線_西,Ⅰ-I32,中崙瑪陵1K+800,基隆安樂端~瑪東系統交流道,0K+000~2K+035,西,VD-17-0620-000-01,250,RF62001002K000000K000,80,
台62線,台62線_東,Ⅰ-I33,大埔3K+100,瑪東系統交流道~大華系統交流道,2K+035~5K+635,東,VD-17-0620-003-07,3860,RF62000003K700005K900,80,
台62線,台62線_西,Ⅰ-I33,大埔3K+100,瑪東系統交流道~大華系統交流道,2K+035~5K+635,西,VD-17-0620-003-06,3320,RF62001005K900003K700,80,
台62線,台62線_東,Ⅰ-I34,自強隧道6K+400,大華系統交流道~暖暖交流道,5K+635~9K+405,東,VD-17-0620-007-01,7260,RF62001009K400006K200,80,
台62線,台62線_西,Ⅰ-I34,自強隧道6K+400,大華系統交流道~暖暖交流道,5K+635~9K+405,西,VD-17-0620-006-01,6320,RF62000006K200009K400,80,
台62線,台62線_東,Ⅰ-I35,四腳亭隧道9K+550,暖暖交流道~四腳亭交流道,9K+405~13K+800,東,VD-17-0620-010-02,10780,RF62001013K900009K400,80,
台62線,台62線_西,Ⅰ-I35,四腳亭隧道9K+550,暖暖交流道~四腳亭交流道,9K+405~13K+800,西,VD-17-0620-010-01,10540,RF62000009K400013K900,80,
台62線,台62線_東,Ⅰ-I36,瑞芳14K+210,四腳亭交流道~瑞芳交流道,13K+800~16K+000,東,VD-17-0620-015-01,15230,RF62001016K000013K900,80,
台62線,台62線_西,Ⅰ-I36,瑞芳14K+210,四腳亭交流道~瑞芳交流道,13K+800~16K+000,西,VD-17-0620-015-02,15230,RF62000013K900016K000,80,
台62線,台62線_東,Ⅰ-I37,龍潭堵隧道17K+270,瑞芳交流道~瑞芳瑞濱端,16K+000~18K+821,東,VD-17-0620-018-02,18550,RF62001018K800016K000,80,
台62線,台62線_西,Ⅰ-I37,龍潭堵隧道17K+270,瑞芳交流道~瑞芳瑞濱端,16K+000~18K+821,西,VD-17-0620-018-01,18490,RF62000016K000018K800,80,
台62甲線,台62甲線_東,Ⅰ-I38,2號隧道2K+300,基隆中正端~孝東交流道,0K+000~3K+200,東,VD-17-062A-001-01,1600,RF62010000K000003K200,60,
台62甲線,台62甲線_西,Ⅰ-I38,2號隧道2K+300,基隆中正端~孝東交流道,0K+000~3K+200,西,無對應VD設備,,RF62011003K200000K000,60,
台62甲線,台62甲線_東,Ⅰ-I39,3號隧道5K+000,孝東交流道~四腳亭交流道,3K+200~5K+622,東,無對應VD設備,,RF62010003K200005K600,60,
台62甲線,台62甲線_西,Ⅰ-I39,3號隧道5K+000,孝東交流道~四腳亭交流道,3K+200~5K+622,西,VD-17-062A-004-01,4800,RF62011005K600003K200,60,
台64線,台64線_東,Ⅰ-I40,八里交流道0K+600,台北港~八里交流道,0K+000~1K+100,東,VD-12-0640-000-02,100,RF64000000K000001K000,80,
台64線,台64線_西,Ⅰ-I40,八里交流道0K+600,台北港~八里交流道,0K+000~1K+100,西,VD-12-0640-000-01,100,RF64001001K000000K000,80,
台64線,台64線_東,Ⅰ-I41,觀音山隧道2K+570,八里交流道~觀音山交流道,1K+100~6K+474,東,VD-12-0640-002-01,2420,RF64000001K000006K400,80,
台64線,台64線_西,Ⅰ-I41,觀音山隧道2K+570,八里交流道~觀音山交流道,1K+100~6K+474,西,VD-12-0640-002-02,2700,RF64001006K400001K000,80,
台64線,台64線_東,Ⅰ-I42,五股一交流道6K+800,觀音山交流道~五股一交流道,6K+474~10K+200,東,VD-12-0640-008-02,8350,RF64000006K400010K200,80,
台64線,台64線_西,Ⅰ-I42,五股一交流道6K+800,觀音山交流道~五股一交流道,6K+474~10K+200,西,VD-12-0640-008-01,8000,RF64001010K200006K400,80,
台64線,台64線_東,Ⅰ-I43,五股二交流道10K+700,五股一交流道~三重交流道,10K+200~15K+028,東,VD-12-0640-013-02,13330,RF64000011K800015K000,80,
台64線,台64線_西,Ⅰ-I43,五股二交流道10K+700,五股一交流道~三重交流道,10K+200~15K+028,西,VD-12-0640-013-01,13330,RF64001015K000011K800,80,
台64線,台64線_東,Ⅰ-I44,江子翠交流道15K+900,三重交流道~板橋交流道,15K+028~20K+880,東,VD-12-0640-016-04,16320,RF64000015K000017K800,70,
台64線,台64線_西,Ⅰ-I44,江子翠交流道15K+900,三重交流道~板橋交流道,15K+028~20K+880,西,VD-12-0640-016-03,16320,RF64001020K800017K800,70,
台64線,台64線_東,Ⅰ-I45,板橋交流道22K+100,板橋交流道~新店,20K+880~28K+390,東,VD-12-0640-021-04,21610,RF64000020K800023K000,70,
台64線,台64線_西,Ⅰ-I45,板橋交流道22K+100,板橋交流道~新店,20K+880~28K+390,西,VD-12-0640-021-03,21130,RF64001023K000020K800,70,
台66線,台66線_東,Ⅰ-I50,新興5K+600,大潭~北勢,0K+000~10K+800,東,VD-T66-E-6.600-M-RS,200,,80,
台66線,台66線_西,Ⅰ-I50,新興5K+600,大潭~北勢,0K+000~10K+800,西,VD-T66-W-6.600-M-RS,,,80,
台66線,台66線_東,Ⅰ-I50側車道,新興5K+600,"大潭~北勢
(側車道)",0K+000~10K+800,東,,,,80,
台66線,台66線_西,Ⅰ-I50側車道,新興5K+600,"大潭~北勢
(側車道)",0K+000~10K+800,西,,,,80,
台66線,台66線_東,Ⅰ-I51,高榮15K+550,北勢~平鎮系統,10K+800~17K+738,東,VD-T66-E-14.600-M-LOOP,,,80,
台66線,台66線_西,Ⅰ-I51,高榮15K+550,北勢~平鎮系統,10K+800~17K+738,西,VD-T66-W-14.698-M-RS,,,80,
台66線,台66線_東,Ⅰ-I51側車道,高榮15K+600,"北勢~平鎮系統
(側車道)",10K+800~17K+738,東,,17700,,80,
台66線,台66線_西,Ⅰ-I51側車道,高榮15K+600,"北勢~平鎮系統
(側車道)",10K+800~17K+738,西,,,,80,
台66線,台66線_東,Ⅰ-I52,宋屋19K+300,平鎮系統~南勢,17K+738~20K+700,東,VD-T66-E-19.270-M-RS,,,90,
台66線,台66線_西,Ⅰ-I52,宋屋19K+300,平鎮系統~南勢,17K+738~20K+700,西,VD-T66-W-18.930-M-LOOP,,,90,
台66線,台66線_東,Ⅰ-I52側車道,宋屋19K+400,"平鎮系統~南勢
(側車道)",17K+738~20K+700,東,,,,90,
台66線,台66線_西,Ⅰ-I52側車道,宋屋19K+400,"平鎮系統~南勢
(側車道)",17K+738~20K+700,西,,,,90,
台66線,台66線_東,Ⅰ-I53,東勢23K+550,南勢~東勢,20K+700~23K+600,東,VD-T66-E-22.225-M-RS,,,90,
台66線,台66線_西,Ⅰ-I53,東勢23K+550,南勢~東勢,20K+700~23K+600,西,VD-T66-W-22.500-M-LOOP,,,90,
台66線,台66線_東,Ⅰ-I53側車道,東勢23K+600,"南勢~東勢
(側車道)",20K+700~23K+600,東,,,,90,
台66線,台66線_西,Ⅰ-I53側車道,東勢23K+600,"南勢~東勢
(側車道)",20K+700~23K+600,西,,,,90,
台66線,台66線_東,Ⅰ-I54,大溪24K+500,東勢~大溪,23K+600~27K+200,東,VD-T66-E-25.880-M-RS,,,90,
台66線,台66線_西,Ⅰ-I54,大溪24K+500,東勢~大溪,23K+600~27K+200,西,VD-T66-W-24.700-M-RS,,,90,
台66線,台66線_東,Ⅰ-I54側車道,大溪26K+700,"東勢~大溪
(側車道)",23K+600~27K+200,東,,,,90,
台66線,台66線_西,Ⅰ-I54側車道,大溪26K+700,"東勢~大溪
(側車道)",23K+600~27K+200,西,,,,90,
台68線,台68線_東,Ⅰ-I55,南寮0K+400,信義新村~南寮交流道,0K+000~0K+700,東,VD-T68-E-1.04-M-RS,,,90,
台68線,台68線_西,Ⅰ-I55,南寮0K+400,信義新村~南寮交流道,0K+000~0K+700,西,VD-T68-W-1.04-M-RS,,,90,
台68線,台68線_東,Ⅰ-I56,南寮交流道0K+850,南寮交流道~新竹一交流道,0K+700~4K+000,東,VD-T68-E-2.80-M-RS,,,90,
台68線,台68線_西,Ⅰ-I56,南寮交流道0K+850,南寮交流道~新竹一交流道,0K+700~4K+000,西,VD-T68-W-2.96-M-RS,,,90,
台68線,台68線_東,Ⅰ-I57,新竹一交流道5K+140,新竹一交流道~新竹二交流道,4K+000~5K+200,東,VD-T68-E-5.20-M-RS,,,90,
台68線,台68線_西,Ⅰ-I57,新竹一交流道5K+140,新竹一交流道~新竹二交流道,4K+000~5K+200,西,VD-T68-W-4.96-M-RS,,,90,
台68線,台68線_東,Ⅰ-I58,新竹二交流道6K+900,新竹二交流道~頭前溪橋,5K+200~7K+200,東,VD-T68-E-6.60-M-RS,,,90,
台68線,台68線_西,Ⅰ-I58,新竹二交流道6K+900,新竹二交流道~頭前溪橋,5K+200~7K+200,西,VD-T68-W-6.60-M-RS,,,90,
台68線,台68線_東,Ⅰ-I59,竹北(科園交流道)9K+470,頭前溪橋~科園交流道,7K+200~9K+900,東,VD-T68-E-9.08-M-RS,,,90,
台68線,台68線_西,Ⅰ-I59,竹北(科園交流道)9K+470,頭前溪橋~科園交流道,7K+200~9K+900,西,VD-T68-W-9.31-M-RS,,,90,
台68線,台68線_東,Ⅰ-I60,芎林交流道15K+250,科園交流道~芎林交流道,9K+900~15K+300,東,VD-T68-E-14.10-M-RS,,,90,
台68線,台68線_西,Ⅰ-I60,芎林交流道15K+250,科園交流道~芎林交流道,9K+900~15K+300,西,VD-T68-W-14.10-M-RS,,,90,
台68線,台68線_東,Ⅰ-I61,竹東交流道19K+150,芎林交流道~竹東交流道,15K+300~19K+900,東,VD-T68-E-17.60-M-RS,,,70,
台68線,台68線_西,Ⅰ-I61,竹東交流道19K+150,芎林交流道~竹東交流道,15K+300~19K+900,西,VD-T68-W-17.60-M-RS,,,70,
台68線,台68線_東,Ⅰ-I62,竹東22K+650,竹東交流道~台3線交岔路口,19K+900~23K+541,東,VD-T68-E-22.48-M-RS,,,70,
台68線,台68線_西,Ⅰ-I62,竹東22K+650,竹東交流道~台3線交岔路口,19K+900~23K+541,西,VD-T68-W-23.25-M-RS,,,70,
台68線,台68線_東,Ⅰ-I63,竹東0K+050,台68線交岔路口~竹東,0K+000~0K+987,東,,,,70,
台68線,台68線_西,Ⅰ-I63,竹東0K+050,台68線交岔路口~竹東,0K+000~0K+987,西,,,,70,
台72線,台72線_東,Ⅱ-I99,後龍段2K+910,後龍~造橋,0K+000~6K+562,東,VD-T72-E-3.14-M-RS,,,90,
台72線,台72線_西,Ⅱ-I99,後龍段2K+910,後龍~造橋,0K+000~6K+562,西,VD-T72-W-2.9-M-RS,,,90,
台72線,台72線_東,Ⅱ-II00,頭屋段10K+700,造橋~公館,6K+562~15K+747,東,VD-T72-E-9.115-M-RS,,,90,
台72線,台72線_西,Ⅱ-II00,頭屋段10K+700,造橋~公館,6K+562~15K+747,西,VD-T72-W-8.23-M-RS,,,90,
台72線,台72線_東,Ⅱ-II01,龜山橋段16K+350,公館~銅鑼,15K+747~20K+786,東,VD-T72-E-18.249-M-RS,,,90,
台72線,台72線_西,Ⅱ-II01,龜山橋段16K+350,公館~銅鑼,15K+747~20K+786,西,VD-T72-W-18.245-M-RS,,,90,
台72線,台72線_東,Ⅱ-II02,中平段21K+120,銅鑼~石圍牆,20K+786~25K+000,東,VD-T72-E-21.495-M-RS,,,80,
台72線,台72線_西,Ⅱ-II02,中平段21K+120,銅鑼~石圍牆,20K+786~25K+000,西,VD-T72-W-22.188-M-RS,,,80,
台72線,台72線_東,Ⅱ-II03,汶水段30K+600,石圍牆~獅潭,25K+000~30K+798,東,VD-T72-E-30.092-M-OH,,,80,
台72線,台72線_西,Ⅱ-II03,汶水段30K+600,石圍牆~獅潭,25K+000~30K+798,西,VD-T72-W-30.092-M-OH,,,80,
台74線,台74線_東,Ⅱ-II04,快官系統0K+400,快官交流道~成功交流道,0K+000~1K+650,東,VD-T74-E-0.9-M-LOOP,,,80,
台74線,台74線_西,Ⅱ-II04,快官系統0K+400,快官交流道~成功交流道,0K+000~1K+650,西,VD-T74-W-0.82-M-RS,,,80,
台74線,台74線_東,Ⅱ-II05,烏日1K+670,成功交流道~筏子溪橋,1K+650~2K+500,東,VD-T74-E-1.77-M-RS,,,80,
台74線,台74線_西,Ⅱ-II05,烏日1K+670,成功交流道~筏子溪橋,1K+650~2K+500,西,VD-T74-W-1.53-N-RS,,,80,
台74線,台74線_東,Ⅱ-II06,烏日高鐵站區4K+090,筏子溪橋~高鐵台中交流道,2K+500~4K+500,東,VD-T74-E-4.015-N-RS,,,80,
台74線,台74線_西,Ⅱ-II06,烏日高鐵站區4K+090,筏子溪橋~高鐵台中交流道,2K+500~4K+500,西,VD-T74-W-3.423-M-RS,,,80,
台74線,台74線_東,Ⅱ-II07,南屯一交流道4K+560,高鐵台中交流道~南屯一交流道,4K+500~5K+500,東,VD-T74-E-4.7-M-LOOP,,,80,
台74線,台74線_西,Ⅱ-II07,南屯一交流道4K+560,高鐵台中交流道~南屯一交流道,4K+500~5K+500,西,VD-T74-W-5.38-M-RS,,,80,
台74線,台74線_東,Ⅱ-II08,南屯二交流道7K+050,南屯一交流道~南屯二交流道,5K+500~7K+500,東,VD-T74-E-5.99-M-RS,,,80,
台74線,台74線_西,Ⅱ-II08,南屯二交流道7K+050,南屯一交流道~南屯二交流道,5K+500~7K+500,西,VD-T74-W-6.904-N-RS,,,80,
台74線,台74線_東,Ⅱ-II09,西屯一交流道8K+450,南屯二交流道~西屯二交流道,7K+500~9K+500,東,VD-T74-E-8.989-N-RS,,,80,
台74線,台74線_西,Ⅱ-II09,西屯一交流道8K+450,南屯二交流道~西屯二交流道,7K+500~9K+500,西,VD-T74-W-8.422-M-RS,,,80,
台74線,台74線_東,Ⅱ-II10,西屯二交流道9K+780,西屯二交流道~西屯三交流道,9K+500~10K+940,東,VD-T74-E-10.167-M-RS,,,80,
台74線,台74線_西,Ⅱ-II10,西屯二交流道9K+780,西屯二交流道~西屯三交流道,9K+500~10K+940,西,VD-T74-W-9.786-M-RS,,,80,
台74線,台74線_東,Ⅱ-II11,北屯一交流道12K+750,西屯三交流道~北屯一交流道,10K+940~13K+000,東,VD-T74-E-11.163-N-RS,,,80,
台74線,台74線_西,Ⅱ-II11,北屯一交流道12K+750,西屯三交流道~北屯一交流道,10K+940~13K+000,西,VD-T74-W-12.283-M-LOOP,,,80,
台74線,台74線_東,Ⅱ-II12,中清地下道13K+200,北屯一交流道~崇德交流道,13K+000~16K+987,東,VD-T74-E-13.556-M-RS,,,80,
台74線,台74線_西,Ⅱ-II12,中清地下道13K+200,北屯一交流道~崇德交流道,13K+000~16K+987,西,VD-T74-W-13.556-M-RS,,,80,
台74線,台74線_東,Ⅱ-II13,崇德交流道16K+850,崇德交流道~潭子交流道,16K+987~18K+847,東,VD-T74-E-16.072-M-RS,,,80,
台74線,台74線_西,Ⅱ-II13,崇德交流道16K+850,崇德交流道~潭子交流道,16K+987~18K+847,西,VD-T74-W-16.072-M-RS,,,80,
台74線,台74線_東,Ⅱ-II14,潭子交流道18K+400,潭子交流道~松竹交流道,18K+847~22K+750,東,VD-T74-E-18.578-M-RS,,,80,
台74線,台74線_西,Ⅱ-II14,潭子交流道18K+400,潭子交流道~松竹交流道,18K+847~22K+750,西,VD-T74-W-18.578-M-RS,,,80,
台74線,台74線_東,Ⅱ-II15,松竹交流道21K+930,松竹交流道~太原交流道,22K+750~24K+411,東,VD-T74-E-22.638-M-RS,,,80,
台74線,台74線_西,Ⅱ-II15,松竹交流道21K+930,松竹交流道~太原交流道,22K+750~24K+411,西,VD-T74-W-23.644-M-RS,,,80,
台74線,台74線_東,Ⅱ-II16,太原交流道24K+700,太原交流道~大里一交流道,24K+411~30K+137,東,VD-T74-E-24.750-M-RS,,,80,
台74線,台74線_西,Ⅱ-II16,太原交流道24K+700,太原交流道~大里一交流道,24K+411~30K+137,西,VD-T74-W-26.100-M-RS,,,80,
台74線,台74線_東,Ⅱ-II17,大里二交流道33K+200,大里一交流道~霧峰交流道,30K+137~39K+235,東,VD-T74-E-32.974-M-RS,,,80,
台74線,台74線_西,Ⅱ-II17,大里二交流道33K+200,大里一交流道~霧峰交流道,30K+137~39K+235,西,VD-T74-W-33.028-M-RS,,,80,
台74甲線,台74甲線_東,,,,,東,,,,,
台74甲線,台74甲線_西,,,,,西,,,,,
台76線,台76線_東,Ⅱ-II21,福興交流道11K+940,芳苑~埔鹽,0K+000~13K+000,東,VD-T76-E-11.600-N-Loop,,,90,
台76線,台76線_西,Ⅱ-II21,福興交流道11K+940,芳苑~埔鹽,0K+000~13K+000,西,VD-T76-W-11.805-N-RS,,,90,
台76線,台76線_東,Ⅱ-II22,埔鹽系統交流道15K+000,埔鹽~埔心,13K+000~19K+000,東,VD-T76-E-17.870-M-RS,,,90,
台76線,台76線_西,Ⅱ-II22,埔鹽系統交流道15K+000,埔鹽~埔心,13K+000~19K+000,西,VD-T76-W-17.800-M-RS,,,90,
台76線,台76線_東,Ⅱ-II23,埔心交流道19K+200,埔心~員林,19K+000~22K+200,東,VD-T76-E-20.655-M-RS,,,90,
台76線,台76線_西,Ⅱ-II23,埔心交流道19K+200,埔心~員林,19K+000~22K+200,西,VD-T76-W-20.660-M-RS,,,90,
台76線,台76線_東,Ⅱ-II24,員林交流道22K+200,員林~林厝,22K+200~26K+100,東,VD-T76-E-24.823-M-RS,,,90,
台76線,台76線_西,Ⅱ-II24,員林交流道22K+200,員林~林厝,22K+200~26K+100,西,VD-T76-W-24.811-M-RS,,,90,
台76線,台76線_東,Ⅱ-II25,林厝交流道26K+100,林厝~中興,26K+100~32K+600,東,VD-T76-E-27.000-N-RS,,,90,
台76線,台76線_西,Ⅱ-II25,林厝交流道26K+100,林厝~中興,26K+100~32K+600,西,VD-T76-W-26.500-N-Loop,,,90,
台78線,台78線_東,V-I25,快速公路8K+040,台西~東勢,0K+000~15K+262,東,VD-T78-E-10.210-M-RS,,,100,
台78線,台78線_西,V-I25,快速公路8K+040,台西~東勢,0K+000~15K+262,西,VD-T78-W-9.318-M-RS,,,100,
台78線,台78線_東,V-I26,快速公路15K+300,東勢~虎尾,15K+262~25K+417,東,VD-T78-E-17.797-M-RS,,,100,
台78線,台78線_西,V-I26,快速公路15K+300,東勢~虎尾,15K+262~25K+417,西,VD-T78-W-17.100-M-RS,,,100,
台78線,台78線_東,V-I27,快速公路29K+450,虎尾~斗南,25K+417~30K+400,東,VD-T78-E-29.098-M-RS,,,100,
台78線,台78線_西,V-I27,快速公路29K+450,虎尾~斗南,25K+417~30K+400,西,VD-T78-W-28.515-M-RS,,,100,
台78線,台78線_東,V-I28,快速公路38K+800,斗南~斗六,30K+400~39K+400,東,VD-T78-E-37.900-M-RS,,,100,
台78線,台78線_西,V-I28,快速公路38K+800,斗南~斗六,30K+400~39K+400,西,VD-T78-W-37.920-M-RS,,,100,
台78線,台78線_東,V-I29,快速公路40K+050,斗六~古坑,39K+400~42K+879,東,VD-T78-E-39.567-N-Loop,,,100,
台78線,台78線_西,V-I29,快速公路40K+050,斗六~古坑,39K+400~42K+879,西,VD-T78-W-39.400-N-Loop,,,100,
台82線,台82線_東,V-I30,東石大橋3K+650,東石大橋~朴子,3K+600~11K+500,東,VD-T82-E-2.410-M-RS,,,70,
台82線,台82線_西,V-I30,東石大橋3K+650,東石大橋~朴子,3K+600~11K+500,西,VD-T82-W-2.410-M-RS,,,70,
台82線,台82線_東,V-I31,朴子11K+700,朴子~馬稠後,11K+500~13K+800,東,VD-T82-E-10.100-M-RS,,,100,
台82線,台82線_西,V-I31,朴子11K+700,朴子~馬稠後,11K+500~13K+800,西,VD-T82-W-10.180-M-RS,,,100,
台82線,台82線_東,V-I32,後寮19K+000,馬稠後~中山高交流道,13K+800~22K+530,東,VD-T82-E-20.704-M-RS,,,100,
台82線,台82線_西,V-I32,後寮19K+000,馬稠後~中山高交流道,13K+800~22K+530,西,VD-T82-W-20.093-M-RS,,,100,
台82線,台82線_東,V-I33,中庄31K+900,中山高交流道~檳榔樹角,22K+530~32K+000,東,VD-T82-E-29.082-M-RS,,,100,
台82線,台82線_西,V-I33,中庄31K+900,中山高交流道~檳榔樹角,22K+530~32K+000,西,VD-T82-W-28.513-M-RS,,,100,
台82線,台82線_東,V-I34,檳榔樹角33K+100,檳榔樹角~溪底寮,32K+000~34K+200,東,VD-T82-E-33.169-M-RS,,,100,
台82線,台82線_西,V-I34,檳榔樹角33K+100,檳榔樹角~溪底寮,32K+000~34K+200,西,VD-T82-W-33.177-M-RS,,,100,
台84線,台84線_東,V-I48,北門交流道1K+200,起點~學甲交流道,0K+000~8K+640,東,VD-T84-E-1.400-M-RS,,,100,
台84線,台84線_西,V-I48,北門交流道1K+200,起點~學甲交流道,0K+000~8K+640,西,VD-T84-W-1.390-M-RS,,,100,
台84線,台84線_東,V-I35,學甲交流道8K+700,學甲交流道~國一,8K+640~13K+981,東,VD-T84-E-9.700-M-RS,,,100,
台84線,台84線_西,V-I35,學甲交流道8K+700,學甲交流道~國一,8K+640~13K+981,西,VD-T84-W-9.710-M-RS,,,100,
台84線,台84線_東,V-I36,西庄交流道21K+200,國一~台一,13K+981~26K+462,東,VD-T84-E-21.408-M-Loop,,,100,
台84線,台84線_西,V-I36,西庄交流道21K+200,國一~台一,13K+981~26K+462,西,VD-T84-W-21.055-M-Loop,,,100,
台84線,台84線_東,V-I37,大內交流道32K+000,台一~走馬瀨,26K+462~37K+800,東,VD-T84-E-33.740-M-Loop,,,90,
台84線,台84線_西,V-I37,大內交流道32K+000,台一~走馬瀨,26K+462~37K+800,西,VD-T84-W-33.753-M-Loop,,,90,
台84線,台84線_東,V-I38,玉豐大橋40K+470,走馬瀨~玉井,37K+800~41K+780,東,VD-T84-E-40.408-M-RS,,,70,
台84線,台84線_西,V-I38,玉豐大橋40K+470,走馬瀨~玉井,37K+800~41K+780,西,VD-T84-W-40.407-M-RS,,,70,
台86線,台86線_東,V-I39,明興路上方0K+550,台17線~灣裡交流道,0K+000~2K+000,東,VD-T86-E-1.078-M-RS,,,90,
台86線,台86線_西,V-I39,明興路上方0K+550,台17線~灣裡交流道,0K+000~2K+000,西,VD-T86-W-1.300-M-RS,,,90,
台86線,台86線_東,V-I40,路橋下3K+700,灣裡交流道~台南交流道,2K+000~5K+300,東,VD-T86-E-2.900-M-RS,,,90,
台86線,台86線_西,V-I40,路橋下3K+700,灣裡交流道~台南交流道,2K+000~5K+300,西,VD-T86-W-2.900-M-RS,,,90,
台86線,台86線_東,V-I41,鋼拱橋6K+000,台南交流道~仁德系統交流道,5K+300~8K+400,東,VD-T86-E-6.126-M-RS,,,90,
台86線,台86線_西,V-I41,鋼拱橋6K+000,台南交流道~仁德系統交流道,5K+300~8K+400,西,VD-T86-W-6.196-M-Loop,,,90,
台86線,台86線_東,V-I42,農路高架橋10K+600,仁德系統交流道~大潭交流道,8K+400~11K+600,東,VD-T86-E-10.790-M-RS,,,90,
台86線,台86線_西,V-I42,農路高架橋10K+600,仁德系統交流道~大潭交流道,8K+400~11K+600,西,VD-T86-W-10.914-M-RS,,,90,
台86線,台86線_東,V-I43,21號橋14K+800,大潭交流道~歸仁交流道,11K+600~16K+600,東,VD-T86-E-13.895-M-RS,,,90,
台86線,台86線_西,V-I43,21號橋14K+800,大潭交流道~歸仁交流道,11K+600~16K+600,西,VD-T86-W-13.513-M-RS,,,90,
台86線,台86線_東,V-I44,關廟端加油站18K+700,歸仁交流道~關廟,16K+600~18K+900,東,VD-T86-E-18.270-M-Loop,,,70,
台86線,台86線_西,V-I44,關廟端加油站18K+700,歸仁交流道~關廟,16K+600~18K+900,西,VD-T86-W-18.054-M-Loop,,,70,
台88線,台88線_東,Ⅲ-I10,五甲交流道1K+400,國道1號~鳳山交流道,0K+000~2K+154,東,VD-T88-E-1.526-M-Loop,,,90,
台88線,台88線_西,Ⅲ-I10,五甲交流道1K+400,國道1號~鳳山交流道,0K+000~2K+154,西,VD-T88-W-1.051-M-Loop,,,90,
台88線,台88線_東,Ⅲ-I11,鳳山交流道5K+000,鳳山交流道~大寮交流道,2K+154~7K+048,東,VD-T88-E-4.239-M-Loop,,,90,
台88線,台88線_西,Ⅲ-I11,鳳山交流道5K+000,鳳山交流道~大寮交流道,2K+154~7K+048,西,VD-T88-W-4.251-M-Loop,,,90,
台88線,台88線_東,Ⅲ-I12,大寮交流道7K+700,大寮交流道~大發交流道,7K+048~9K+741,東,VD-T88-E-8.279-M-RS,,,90,
台88線,台88線_西,Ⅲ-I12,大寮交流道7K+700,大寮交流道~大發交流道,7K+048~9K+741,西,VD-T88-W-8.382-M-RS,,,90,
台88線,台88線_東,Ⅲ-I13,大發交流道11K+700,大發交流道~萬丹交流道,9K+741~15K+143,東,VD-T88-E-14.172-M-RS,,,90,
台88線,台88線_西,Ⅲ-I13,大發交流道11K+700,大發交流道~萬丹交流道,9K+741~15K+143,西,VD-T88-W-13.160-M-RS,,,90,
台88線,台88線_東,Ⅲ-I14,潮州20K+000,萬丹交流道~竹田,15K+143~22K+383,東,VD-T88-E-20.409-M-RS,,,90,
台88線,台88線_西,Ⅲ-I14,潮州20K+000,萬丹交流道~竹田,15K+143~22K+383,西,VD-T88-W-20.828-M-Loop,,,90,
台65線,台65線_北,Ⅰ-I46,泰山交流道1K+350,五股端~新莊一交流道,0K+000~1K+825,北,VD-12-0650-000-02,872,RF65001001K800000K600,80,
台65線,台65線_南,Ⅰ-I46,泰山交流道1K+350,五股端~新莊一交流道,0K+000~1K+825,南,VD-12-0650-000-01,3,RF65000000K600001K800,80,
台65線,台65線_北,Ⅰ-I47,新莊二交流道3K+800,新莊一交流道~板橋一交流道,1K+825~5K+350,北,VD-12-0650-003-01,3010,RF65001004K500001K800,80,
台65線,台65線_南,Ⅰ-I47,新莊二交流道3K+800,新莊一交流道~板橋一交流道,1K+825~5K+350,南,VD-12-0650-003-02,3045,RF65000001K800004K500,80,
台65線,台65線_北,Ⅰ-I48,板橋二交流道8K+300,板橋一交流道~土城一交流道,5K+350~10K+706,北,VD-12-0650-007-02,7851,RF65001010K700007K500,80,
台65線,台65線_南,Ⅰ-I48,板橋二交流道8K+300,板橋一交流道~土城一交流道,5K+350~10K+706,南,VD-12-0650-007-03,7860,RF65000007K500010K700,80,
台65線,台65線_北,Ⅰ-I49,土城交流道12K+150,土城一交流道~土城,10K+706~12K+357,北,VD-12-0650-011-02,11306,RF65001012K000010K700,60,
台65線,台65線_南,Ⅰ-I49,土城交流道12K+150,土城一交流道~土城,10K+706~12K+357,南,VD-12-0650-011-01,11563,RF65000010K700012K000,60,
台15線,台15線_北,Ⅰ-I08,八仙橋10K+500,八里~桃園市市界,9K+821~22K+369,北,無對應VD設備,,BF01001011K800010K350,50,
台15線,台15線_南,Ⅰ-I08,八仙橋10K+500,八里~桃園市市界,9K+821~22K+369,南,VD-12-0150-010-01,10000,BF01000010K350011K800,50,
台15線,台15線_北,Ⅰ-I09,海湖二號橋25K+600,新北市市界~竹圍,22K+369~26K+478,北,無對應VD設備,,BH01001025K900025K200,70,
台15線,台15線_南,Ⅰ-I09,海湖二號橋25K+600,新北市市界~竹圍,22K+369~26K+478,南,VD-13-0150-025-01,25150,BH01000025K200025K900,70,
台15線,台15線_北,Ⅰ-I10,大湖31K+600,竹圍~大園,26K+478~33K+521,北,無對應VD設備,,BH01001032K100031K650,70,
台15線,台15線_南,Ⅰ-I10,大湖31K+600,竹圍~大園,26K+478~33K+521,南,VD-13-0150-027-01,27100,BH01000031K650032K100,70,
台15線,台15線_北,Ⅰ-I11,洽溪橋34K+700,大園~觀音,33K+521~45K+780,北,無對應VD設備,,BH01001034K800034K400,50,
台15線,台15線_南,Ⅰ-I11,洽溪橋34K+700,大園~觀音,33K+521~45K+780,南,VD-13-0150-036-01,36300,BH01000034K400034K800,50,
台15線,台15線_北,Ⅰ-I12,塘尾橋48K+300,觀音~崁頭厝,45K+780~54K+366,北,無對應VD設備,,BH01001052K000048K100,70,
台15線,台15線_南,Ⅰ-I12,塘尾橋48K+300,觀音~崁頭厝,45K+780~54K+366,南,VD-13-0150-054-01,54150,BH01000048K100052K000,70,
台15線,台15線_北,Ⅰ-I13,笨子港橋55K+000,崁頭厝~新竹縣縣界,54K+366~60K+641,北,無對應VD設備,,BJ01001057K900056K500,70,
台15線,台15線_南,Ⅰ-I13,笨子港橋55K+000,崁頭厝~新竹縣縣界,54K+366~60K+641,南,無對應VD設備,,BJ01000052K000056K500,70,
台15線,台15線_北,Ⅰ-I14,台61線交岔路口65K+900,桃園市縣市界~山腳,60K+641~70K+821,北,VD-16-0150-066-02,66707,BJ01001067K350065K500,60,
台15線,台15線_南,Ⅰ-I14,台61線交岔路口65K+900,桃園市縣市界~山腳,60K+641~70K+821,南,VD-16-0150-066-01,66707,BJ01000065K500067K350,60,
台15線,台15線_北,Ⅰ-I15,竹港大橋74K+000,山腳~南寮,70K+821~83K+951,北,VD-16-0150-072-01,72200,BJ01001074K800073K800,50,
台15線,台15線_南,Ⅰ-I15,竹港大橋74K+000,山腳~南寮,70K+821~83K+951,南,VD-16-0150-073-01,73800,BJ01000073K800074K800,50,
台1線,台1線_北,Ⅱ-01,頂大埔89K+600,竹苗縣界~頭份,89K+547~92K+000,北,無對應VD設備,,BK01001091K700089K450,70,
台1線,台1線_南,Ⅱ-01,頂大埔89K+600,竹苗縣界~頭份,89K+547~92K+000,南,VD-21-0010-090-01,90100,BK01000089K450091K700,70,
台1線,台1線_北,Ⅱ-02,頭份93K+400,頭份~尖山,92K+000~96K+139,北,無對應VD設備,,BK01001093K900093K200,60,
台1線,台1線_南,Ⅱ-02,頭份93K+400,頭份~尖山,92K+000~96K+139,南,VD-21-0010-093-01,93000,BK01000093K200093K900,60,
台1線,台1線_北,Ⅱ-03,尖山大橋98K+000,尖山~談文,96K+139~99K+000,北,無對應VD設備,,BK01001100K200097K700,70,
台1線,台1線_南,Ⅱ-03,尖山大橋98K+000,尖山~談文,96K+139~99K+000,南,無對應VD設備,,BK01000097K700100K200,70,
台1線,台1線_北,Ⅱ-04,公館仔橋99K+200,談文~造橋,99K+000~102K+029,北,VD-21-0010-099-01,99100,BK01001106K900100K200,70,
台1線,台1線_南,Ⅱ-04,公館仔橋99K+200,談文~造橋,99K+000~102K+029,南,無對應VD設備,,BK01000100K200106K900,70,
台1線,台1線_北,Ⅱ-05,龍昇陸橋105K+300,造橋~後龍,102K+029~107K+581,北,VD-21-0010-102-01,102550,BK01001110K350106K900,70,
台1線,台1線_南,Ⅱ-05,龍昇陸橋105K+300,造橋~後龍,102K+029~107K+581,南,無對應VD設備,,BK01000106K900110K350,70,
台1線,台1線_北,Ⅱ-06,大庄橋110K+200,後龍~十班坑,107K+581~111K+500,北,VD-21-0010-111-01,111400,BK01001111K100110K350,70,
台1線,台1線_南,Ⅱ-06,大庄橋110K+200,後龍~十班坑,107K+581~111K+500,南,無對應VD設備,,BK01000110K350111K100,70,
台1線,台1線_北,Ⅱ-07,後龍溪橋112K+300,十班坑~西湖,111K+500~118K+335,北,VD-21-0010-112-01,112700,BK01001112K950111K900,70,
台1線,台1線_南,Ⅱ-07,後龍溪橋112K+300,十班坑~西湖,111K+500~118K+335,南,無對應VD設備,,BK01000111K900112K950,70,
台1線,台1線_北,Ⅱ-08,西湖橋118K+500,西湖~南勢,118K+335~124K+129,北,無對應VD設備,,BK01001118K350115K250,70,
台1線,台1線_南,Ⅱ-08,西湖橋118K+500,西湖~南勢,118K+335~124K+129,南,無對應VD設備,,BK01000118K350121K150,70,
台1線,台1線_北,Ⅱ-09,新埔橋127K+600,南勢~通霄,124K+129~132K+131,北,無對應VD設備,,BK01001127K850126K700,70,
台1線,台1線_南,Ⅱ-09,新埔橋127K+600,南勢~通霄,124K+129~132K+131,南,無對應VD設備,,BK01000126K700127K850,70,
台1線,台1線_北,Ⅱ-10,番社橋132K+700,通霄~田心仔,132K+131~134K+975,北,VD-21-0010-132-01,132470,BK01001134K650132K800,60,
台1線,台1線_南,Ⅱ-10,番社橋132K+700,通霄~田心仔,132K+131~134K+975,南,無對應VD設備,,BK01000132K000132K800,60,
台1線,台1線_北,Ⅱ-11,苑裡橋139K+100,田心仔~山柑尾,134K+975~140K+000,北,無對應VD設備,,BK01001139K500137K200,60,
台1線,台1線_南,Ⅱ-11,苑裡橋139K+100,田心仔~山柑尾,134K+975~140K+000,南,無對應VD設備,,BK01000137K200139K500,60,
台1線,台1線_北,Ⅱ-12,福特汽車142K+500,山柑尾~苗中縣界,140K+000~143K+382,北,無對應VD設備,,BK01001142K750142K200,60,
台1線,台1線_南,Ⅱ-12,福特汽車142K+500,山柑尾~苗中縣界,140K+000~143K+382,南,無對應VD設備,,BK01000142K200142K750,60,
台1線,台1線_北,Ⅱ-13,大安溪橋150K+100,苗中縣界~頂店,143K+382~151K+750,北,VD-22-0010-143-01,143950,BB01001150K500148K900,70,
台1線,台1線_南,Ⅱ-13,大安溪橋150K+100,苗中縣界~頂店,143K+382~151K+750,南,無對應VD設備,,BB01000148K900150K500,70,
台1線,台1線_北,Ⅱ-14,大甲大安港路口153K+500,頂店~大甲,151K+750~153K+559,北,無對應VD設備,,BB01001153K500152K500,60,
台1線,台1線_南,Ⅱ-14,大甲大安港路口153K+500,頂店~大甲,151K+750~153K+559,南,無對應VD設備,,BB01000152K500153K500,60,
台1線,台1線_北,Ⅱ-15,大甲溪橋157K+300,大甲~清水,153K+559~162K+989,北,無對應VD設備,,BB01001158K800156K500,70,
台1線,台1線_南,Ⅱ-15,大甲溪橋157K+300,大甲~清水,153K+559~162K+989,南,VD-22-0010-159-01,159300,BB01000156K500158K800,70,
台13線,台13線_北,Ⅱ-95,大埔橋4K+800,竹苗縣界~大埔,0K+699~5K+000,北,VD-21-0130-004-01,4490,BK13001006K200003K700,60,
台13線,台13線_南,Ⅱ-95,大埔橋4K+800,竹苗縣界~大埔,0K+699~5K+000,南,VD-21-0130-002-01,2460,BK13000003K700006K200,60,
台13線,台13線_北,Ⅱ-96,竹南運動公園7K+500,大埔~竹南,5K+000~8K+281,北,無對應VD設備,,BK13001008K350007K000,60,
台13線,台13線_南,Ⅱ-96,竹南運動公園7K+500,大埔~竹南,5K+000~8K+281,南,VD-21-0130-007-01,7200,BK13000007K000008K350,60,
台13線,台13線_北,Ⅱ-97,中港溪橋10K+000,竹南~尖山國小,8K+281~11K+828,北,無對應VD設備,,BK13001010K500009K850,60,
台13線,台13線_南,Ⅱ-97,中港溪橋10K+000,竹南~尖山國小,8K+281~11K+828,南,無對應VD設備,,BK13000009K850010K500,60,
台13線,台13線_北,Ⅱ-98,尖豐橋13K+400,尖山國小~大坪,11K+828~15K+674,北,無對應VD設備,,BK13001015K550010K700,60,
台13線,台13線_南,Ⅱ-98,尖豐橋13K+400,尖山國小~大坪,11K+828~15K+674,南,無對應VD設備,,BK13000010K700015K550,60,
台13線,台13線_北,Ⅱ-99,老田寮橋21K+200,大坪~頭屋,15K+674~23K+397,北,VD-21-0130-016-01,16050,BK13001023K750020K850,50,
台13線,台13線_南,Ⅱ-99,老田寮橋21K+200,大坪~頭屋,15K+674~23K+397,南,無對應VD設備,,BK13000020K850023K750,50,
台13線,台13線_北,Ⅱ-I00,頭屋大橋25K+300,頭屋~苗栗,23K+397~31K+370,北,VD-21-0130-026-01,26350,BK13001027K600026K400,50,
台13線,台13線_南,Ⅱ-I00,頭屋大橋25K+300,頭屋~苗栗,23K+397~31K+370,南,VD-21-0130-023-01,23850,BK13000025K550026K400,50,
台13線,台13線_北,Ⅱ-I01,陽明山莊33K+100,苗栗~三座厝,31K+370~37K+445,北,VD-21-0130-031-01,31800,BK13001037K200035K150,60,
台13線,台13線_南,Ⅱ-I01,陽明山莊33K+100,苗栗~三座厝,31K+370~37K+445,南,無對應VD設備,,BK13000031K850035K150,60,
台13線,台13線_北,Ⅱ-I02,銅鑼外環道38K+000,三座厝~銅鑼,37K+445~38K+144,北,無對應VD設備,,BK13001041K000038K500,60,
台13線,台13線_南,Ⅱ-I02,銅鑼外環道38K+000,三座厝~銅鑼,37K+445~38K+144,南,無對應VD設備,,BK13000037K200038K500,60,
台13線,台13線_北,Ⅱ-I03,三義礦業43K+900,銅鑼~三義,38K+144~46K+906,北,VD-21-0130-043-01,43000,BK13001047K700041K000,50,
台13線,台13線_南,Ⅱ-I03,三義礦業43K+900,銅鑼~三義,38K+144~46K+906,南,無對應VD設備,,BK13000041K000047K700,50,
台13線,台13線_北,Ⅱ-I04,三義二橋47K+800,三義~三義交流道,46K+906~50K+000,北,VD-21-0130-048-01,48300,BK13001050K420047K700,50,
台13線,台13線_南,Ⅱ-I04,三義二橋47K+800,三義~三義交流道,46K+906~50K+000,南,VD-21-0130-049-01,49920,BK13000047K700050K420,50,
台13線,台13線_北,Ⅱ-I05,三義交流道50K+300,三義交流道~伯公坑,50K+000~54K+068,北,無對應VD設備,,BK13001054K300050K420,60,
台13線,台13線_南,Ⅱ-I05,三義交流道50K+300,三義交流道~伯公坑,50K+000~54K+068,南,無對應VD設備,,BK13000050K420054K300,60,
台13線,台13線_北,Ⅱ-I06,新義里二橋56K+100,伯公坑~苗中縣界,54K+068~57K+021,北,無對應VD設備,,BB13001057K700056K050,50,
台13線,台13線_南,Ⅱ-I06,新義里二橋56K+100,伯公坑~苗中縣界,54K+068~57K+021,南,無對應VD設備,,BB13000056K050057K700,50,
台13線,台13線_北,Ⅱ-I07,后里60K+100,苗中縣界~后里,57K+021~61K+408,北,VD-22-0130-057-01,57800,BB13001061K000059K700,60,
台13線,台13線_南,Ⅱ-I07,后里60K+100,苗中縣界~后里,57K+021~61K+408,南,無對應VD設備,,BB13000059K700061K000,60,
台13線,台13線_北,Ⅱ-I08,后豐大橋64K+100,后里~大湳,61K+408~65K+891,北,VD-22-0130-064-01,64950,BB13001064K500061K000,60,
台13線,台13線_南,Ⅱ-I08,后豐大橋64K+100,后里~大湳,61K+408~65K+891,南,無對應VD設備,,BB13000061K000064K500,60,
台13線,台13線_北,Ⅱ-I09,豐原65K+900,大湳~豐原,65K+891~69K+609,北,無對應VD設備,,BB13001066K300064K500,50,
台13線,台13線_南,Ⅱ-I09,豐原65K+900,大湳~豐原,65K+891~69K+609,南,無對應VD設備,,BB13000064K500066K300,50,
台17線,台17線_北,Ⅱ-I42,台中港8K+450,清水~梧棲,6K+967~10K+201,北,VD-22-0170-007-01,7800,BB17001010K200007K000,70,
台17線,台17線_南,Ⅱ-I42,台中港8K+450,清水~梧棲,6K+967~10K+201,南,無對應VD設備,,BB17000010K200013K400,70,
台17線,台17線_北,Ⅱ-I43,臨港一號橋12K+900,梧棲~臨港二號橋,10K+201~15K+457,北,無對應VD設備,,BB17001013K400010K200,70,
台17線,台17線_南,Ⅱ-I43,臨港一號橋12K+900,梧棲~臨港二號橋,10K+201~15K+457,南,無對應VD設備,,BB17000010K200013K400,70,
台17線,台17線_北,Ⅱ-I44,中彰大橋18K+000,臨港二號橋~中彰縣界,15K+457~18K+956,北,VD-22-0170-016-01,16250,BB17001018K600017K300,60,
台17線,台17線_南,Ⅱ-I44,中彰大橋18K+000,臨港二號橋~中彰縣界,15K+457~18K+956,南,無對應VD設備,,BB17000017K300018K600,60,
台17線,台17線_北,Ⅱ-I45,里程牌21K+000,中彰縣界~134線交岔路口,18K+956~21K+708,北,VD-23-0170-020-01,20900,BN17001023K600222K300,60,
台17線,台17線_南,Ⅱ-I45,里程牌21K+000,中彰縣界~134線交岔路口,18K+956~21K+708,南,無對應VD設備,,BN17000018K600222K300,60,
台17線,台17線_北,Ⅱ-I46,番雅溝橋28K+000,134線交岔路口~草港,21K+708~28K+696,北,無對應VD設備,,BN17001029K200026K300,70,
台17線,台17線_南,Ⅱ-I46,番雅溝橋28K+000,134線交岔路口~草港,21K+708~28K+696,南,無對應VD設備,,BN17000026K300029K200,70,
台17線,台17線_北,Ⅱ-I47,里程牌34K+600,草港~鹿港,28K+696~38K+300,北,VD-23-0170-032-01,32050,BN17001036K200034K150,70,
台17線,台17線_南,Ⅱ-I47,里程牌34K+600,草港~鹿港,28K+696~38K+300,南,VD-23-0170-035-01,35970,BN17000034K150036K200,70,
台17線,台17線_北,Ⅱ-I48,鹿港39K+050,鹿港~漢寶,38K+300~44K+714,北,VD-23-0170-040-01,40970,BN17001040K750038K100,70,
台17線,台17線_南,Ⅱ-I48,鹿港39K+050,鹿港~漢寶,38K+300~44K+714,南,無對應VD設備,,BN17000038K100040K750,70,
台17線,台17線_北,Ⅱ-I49,里程牌45K+500,漢寶~王功,44K+714~51K+830,北,VD-23-0170-048-01,48100,BN17001046K700042K150,70,
台17線,台17線_南,Ⅱ-I49,里程牌45K+500,漢寶~王功,44K+714~51K+830,南,無對應VD設備,,BN17000042K150046K700,70,
台17線,台17線_北,Ⅱ-I50,里程牌58K+000,王功~西港,51K+830~64K+000,北,無對應VD設備,,BN17001065K700057K900,70,
台17線,台17線_南,Ⅱ-I50,里程牌58K+000,王功~西港,51K+830~64K+000,南,VD-23-0170-057-01,57950,BN17000057K900065K700,70,
台17線,台17線_北,Ⅱ-I51,里程牌63K+700,西港~彰雲縣界,64K+000~68K+674,北,無對應VD設備,,BN17001065K700057K900,70,
台17線,台17線_南,Ⅱ-I51,里程牌63K+700,西港~彰雲縣界,64K+000~68K+674,南,無對應VD設備,,BN17000065K700036K600,70,
台17線,台17線_北,V-49,海豐橋81K+200,西濱大橋南端~台西,71K+282~90K+200,北,無對應VD設備,,BP17001082K000078K800,60,
台17線,台17線_南,V-49,海豐橋81K+200,西濱大橋南端~台西,71K+282~90K+200,南,無對應VD設備,,BP17000078K800082K000,60,
台17線,台17線_北,V-50,西湖橋91K+400,台西~飛沙,90K+200~95K+570,北,無對應VD設備,,BP17001095K850090K200,70,
台17線,台17線_南,V-50,西湖橋91K+400,台西~飛沙,90K+200~95K+570,南,無對應VD設備,,BP17000090K200095K850,70,
台17線,台17線_北,V-51,三姓寮96K+000,飛沙~金湖,95K+570~98K+054,北,無對應VD設備,,BP17001100K150095K850,70,
台17線,台17線_南,V-51,三姓寮96K+000,飛沙~金湖,95K+570~98K+054,南,無對應VD設備,,BP17000095K850100K150,70,
台17線,台17線_北,V-52,成龍二號橋104K+300,金湖~雲嘉縣界,98K+054~109K+938,北,無對應VD設備,,BP17001107K350104K000,50,
台17線,台17線_南,V-52,成龍二號橋104K+300,金湖~雲嘉縣界,98K+054~109K+938,南,無對應VD設備,,BP17000104K000107K350,50,
台17線,台17線_北,V-53,鰲鼓橋114K+700,雲嘉縣界~屯子頭,109K+938~116K+633,北,無對應VD設備,,BQ17001115K850112K400,50,
台17線,台17線_南,V-53,鰲鼓橋114K+700,雲嘉縣界~屯子頭,109K+938~116K+633,南,無對應VD設備,,BQ17000112K400115K850,50,
台17線,台17線_北,V-54,新厝橋126K+200,屯子頭~新厝橋,116K+633~126K+200,北,無對應VD設備,,BQ17001128K500124K350,50,
台17線,台17線_南,V-54,新厝橋126K+200,屯子頭~新厝橋,116K+633~126K+200,南,無對應VD設備,,BQ17000124K350128K500,50,
台17線,台17線_北,V-55,台電新塭所135K+000,新厝橋~嘉南縣界,126K+200~137K+770,北,無對應VD設備,,BQ17001136K700132K000,50,
台17線,台17線_南,V-55,台電新塭所135K+000,新厝橋~嘉南縣界,126K+200~137K+770,南,VD-52-0170-129-01,129200,BQ17000132K000136K700,50,
台17線,台17線_北,V-I47,鯤鯓橋141K+374,嘉南縣界~溪底寮,137K+770~144K+568,北,無對應VD設備,,BD17001141K750139K500,50,
台17線,台17線_南,V-I47,鯤鯓橋141K+374,嘉南縣界~溪底寮,137K+770~144K+568,南,VD-53-0170-141-01,142400,BD17000139K500141K750,50,
台17線,台17線_北,V-56,將軍溪橋147K+500,嘉南大橋南端溪底寮~後港,144K+568~152K+594,北,無對應VD設備,,BD17001157K900146K150,70,
台17線,台17線_南,V-56,將軍溪橋147K+500,嘉南大橋南端溪底寮~後港,144K+568~152K+594,南,無對應VD設備,,BD17000146K150157K900,70,
台17線,台17線_北,V-57,七股溪橋159K+130,後港~樹農溪橋,152K+594~160K+400,北,無對應VD設備,,BD17001162K600157K900,70,
台17線,台17線_南,V-57,七股溪橋159K+130,後港~樹農溪橋,152K+594~160K+400,南,VD-54-0170-159-01,159830,BD17000157K900162K600,70,
台6線,台6線_東,Ⅱ-68,同光國小0K+600,後龍~十班坑,0K+000~2K+398,東,無對應VD設備,,BK06000000K000002K400,60,
台6線,台6線_西,Ⅱ-68,同光國小0K+600,後龍~十班坑,0K+000~2K+398,西,無對應VD設備,,BK06001002K400000K000,60,
台6線,台6線_東,Ⅱ-69,南勢溪橋2K+650,十班坑~竹圍,2K+398~4K+868,東,VD-21-0060-002-01,2700,BK06000002K400003K200,60,
台6線,台6線_西,Ⅱ-69,南勢溪橋2K+650,十班坑~竹圍,2K+398~4K+868,西,無對應VD設備,,BK06001003K200002K400,60,
台6線,台6線_東,Ⅱ-70,高鐵連絡道7K+500,竹圍~苗栗體育館,4K+868~11K+317,東,無對應VD設備,,BK06000007K650008K500,60,
台6線,台6線_西,Ⅱ-70,高鐵連絡道7K+500,竹圍~苗栗體育館,4K+868~11K+317,西,無對應VD設備,,BK06001007K650004K850,60,
台6線,台6線_東,Ⅱ-71,國立苗栗農工14K+000,苗栗體育館~公館,11K+317~17K+000,東,無對應VD設備,,BK06000011K700015K150,70,
台6線,台6線_西,Ⅱ-71,國立苗栗農工14K+000,苗栗體育館~公館,11K+317~17K+000,西,無對應VD設備,,BK06001015K150011K700,70,
台6線,台6線_東,Ⅱ-72,龜山橋17K+300,公館~福基派出所,17K+000~19K+053,東,無對應VD設備,,BK06000017K200018K300,50,
台6線,台6線_西,Ⅱ-72,龜山橋17K+300,公館~福基派出所,17K+000~19K+053,西,無對應VD設備,,BK06001018K300017K200,50,
台6線,台6線_東,Ⅱ-73,南海休息站19K+300,福基派出所~公館國中,19K+053~21K+367,東,無對應VD設備,,BK06000019K650020K950,50,
台6線,台6線_西,Ⅱ-73,南海休息站19K+300,福基派出所~公館國中,19K+053~21K+367,西,無對應VD設備,,BK06001020K950019K650,50,
台6線,台6線_東,Ⅱ-74,台蠶廠23K+300,公館國中~福德國小,21K+367~28K+038,東,無對應VD設備,,BK06000022K500024K800,60,
台6線,台6線_西,Ⅱ-74,台蠶廠23K+300,公館國中~福德國小,21K+367~28K+038,西,無對應VD設備,,BK06001024K800022K500,60,
台6線,台6線_東,Ⅱ-75,竹木橋30K+900,福德國小~汶水,28K+038~31K+448,東,VD-21-0060-030-01,30450,BK06000027K400031K750,50,
台6線,台6線_西,Ⅱ-75,竹木橋30K+900,福德國小~汶水,28K+038~31K+448,西,無對應VD設備,,BK06001031K750027K400,50,
